,galaxy_id,obs_id,delta,mjd,flujo,flujo err,mag,mag_err,img_id,psf obs,seeing convolucion,AGN_frac,residuo,residual rms,flujo pre,flujo err pre,mag pre,mag_err pre
0,1,1,0.05,57070.12849006801,15472.488778686526,73.91774353515916,19.45591721289154,0.005196164042958287,410905,1.0152919621046252,4.918714496160103,0.22849405864591735,"[[  5.8364935    1.8507218    2.996437   ...   2.4349272   -0.30327833
   10.919987  ]
 [ 10.16748    -11.134723    -1.8006309  ...   3.755619    -1.7809254
    0.3015312 ]
 [  0.8672154   -3.3740861   -9.20897    ...   6.637542    -1.5492523
   -7.846066  ]
 ...
 [  5.888219     4.6376686    7.3529263  ...   5.216593     3.6683998
  -12.005098  ]
 [ -2.8891983   -0.39446956   6.691015   ...  -0.05390441  -3.3560781
   -2.9052775 ]
 [ -5.846693     5.5070558    4.4880567  ...  -5.6887336    3.7244763
   -0.9451916 ]]",144.48132,56545.15246459961,126.75782863716015,18.048829205356956,0.0024534608180042353
1,1,2,0.05,57070.21393502304,55453.97273925781,125.3841770443553,18.077913954327844,0.0024787244611895196,410961,1.0383677507719156,3.8119469277563907,0.20993726723379805,"[[0. 0. 0. ... 0. 0. 0.]
 [0. 0. 0. ... 0. 0. 0.]
 [0. 0. 0. ... 0. 0. 0.]
 ...
 [0. 0. 0. ... 0. 0. 0.]
 [0. 0. 0. ... 0. 0. 0.]
 [0. 0. 0. ... 0. 0. 0.]]",0.0,55453.97273925781,125.3841770443553,18.077913954327844,0.0024787244611895196
2,1,3,0.05,57070.28257967249,17017.108515014654,75.99518409095806,19.3349493491006,0.004859529715734987,411011,1.0186706055065107,4.74254192231323,0.21119755581298433,"[[-6.542652   -3.5336313  -1.4299908  ... -1.262757    8.348238
  -8.929749  ]
 [-0.05359787  1.7976711   4.8378196  ...  1.9300568  -2.9573956
  -2.763795  ]
 [ 3.1702294   3.0773838   3.7060764  ...  8.308921   -3.3045228
   2.1008313 ]
 ...
 [-9.341927    5.5438485  -6.316254   ...  6.764068    9.6312895
  -2.4875572 ]
 [ 0.66610277 -2.5065427   2.7360957  ...  0.44961312 -4.6803236
  -4.611855  ]
 [ 0.17495501  7.4882145  -0.14162591 ... -1.823998    0.49748963
  -0.18568179]]",135.55672,55746.81052612305,125.64429650780217,18.046613707573123,0.002468477782962118
3,1,4,0.05,57071.05728660731,20514.31206054688,82.24119272945893,19.041973147872437,0.004365214360886698,411245,1.0246524242937844,4.876966047470729,0.21797970799526678,"[[  0.9016261   11.556944    -0.8933264  ...   0.95879906   7.961425
    1.1015214 ]
 [  8.78308     -0.5959872    4.0427647  ...  -8.035712    11.176357
   -3.8084404 ]
 [  4.3391094   -2.6982875    4.9297915  ...   8.910729     3.2152283
   -1.3046114 ]
 ...
 [  5.3341346   -6.117812     2.882172   ...   6.8631425    2.0598881
    6.687157  ]
 [ -0.32854283   5.0256124   -5.509014   ...   5.2420177   -4.5653296
  -12.162076  ]
 [ -0.865358    -1.7262585    4.0954328  ...  -5.3414063   -2.14975
   -0.09050405]]",125.64237,55557.21402709961,125.77146188709682,17.960264393315367,0.0024800388367317927
4,1,5,0.05,57071.12506984007,22420.651393432618,84.75651520616942,19.03330139501859,0.004120214693774599,411295,0.9012928072747344,4.408488238557206,0.21373086432588526,"[[-5.329306   -5.201822   10.860771   ... -6.3847246   5.17195
  -0.05530601]
 [-0.4933917  -1.4800385   0.33063865 ... -3.7628174   2.8923082
   5.5051055 ]
 [12.657881   -3.7586966   2.1437888  ...  8.355525   -0.27421033
  -6.3891764 ]
 ...
 [-3.3549595   5.0561604  -2.2809265  ... -1.9385852   1.0542637
   0.7020104 ]
 [-8.839094   -1.5226816   3.371273   ... -0.98762643 -3.0402246
  -6.951307  ]
 [-0.42764091 -2.2983832   7.1098695  ...  6.970769    1.1094202
  -0.8510547 ]]",132.25113,58504.97885742188,128.46611381836468,17.991939893478737,0.002411208401273955
5,1,6,0.05,57071.19277698471,35154.2237097168,102.14784791754073,18.573931271237022,0.003173750981103233,411345,0.7748601175405739,4.2244854022979395,0.22161491773032374,"[[ -4.6079426    0.74825454   2.7020888  ... -15.60979     -0.8605153
    7.098531  ]
 [  0.893996    -3.1890504    5.4007716  ...  -1.0454265    0.28176284
   -0.58910036]
 [ -2.6760612  -10.878276     4.9791207  ...   0.08356202   3.6238332
   -5.8523293 ]
 ...
 [ -0.4108118    6.6394916   10.32472    ...   1.3778343   -6.209502
    9.092524  ]
 [ -3.6346235   -0.6186951    6.8798633  ...  -2.1866925   -8.607778
    8.277086  ]
 [  3.0827756    6.886927    -6.0449815  ...  -7.584655     8.218899
   -6.78384   ]]",110.61041,61442.41426269531,131.27286458303075,17.967704371164842,0.00234536305210297
6,1,7,0.05,57071.26271199265,31525.016584472658,97.80942648801937,18.66912475876393,0.003386326119199032,411396,0.8352701635407411,4.392033397655636,0.22211891345888585,"[[-3.0845132   3.9392667   4.795542   ... -0.74578047  3.0233378
  -2.6146524 ]
 [ 0.37765896  5.9422398   7.012514   ... 12.068586   -5.785643
  10.454441  ]
 [-7.6926656  -2.4507978  -3.8123374  ... -0.19113553  4.430721
  -8.178126  ]
 ...
 [ 2.7429566  -2.2280936   1.731043   ...  1.0206821   8.584606
  -7.7679424 ]
 [ 4.8387275   3.9685206  -2.8778512  ...  2.3344188  -3.9872913
   5.361825  ]
 [ 3.1645203  -6.813607    7.5544596  ...  5.102846   -5.152719
   6.2688856 ]]",114.283585,60720.4910510254,130.80491378246285,17.957424880372137,0.0023643634552065807
7,1,8,0.05,57071.33166989243,21126.964383544928,83.10464493419906,19.01904712312005,0.004284544421591273,411446,1.0110760632741234,4.771869519222589,0.21362035925732192,"[[ 9.8189986e-01  1.5364779e+00  5.6073341e+00 ... -3.1412823e+00
  -6.3782988e+00 -6.0335231e-01]
 [-6.5964848e-01  2.7913532e+00 -9.8785162e+00 ... -2.5683274e+00
  -4.4511342e-01  1.3866603e-02]
 [-3.1369944e+00  3.5615573e+00 -2.6147747e-01 ... -1.3178601e+00
   9.3216133e+00 -1.4901861e+00]
 ...
 [ 6.3152089e+00  3.5215325e+00  3.3029218e+00 ...  3.2625411e+00
   3.6627033e+00  8.3263693e+00]
 [-1.4427404e+00 -7.6818557e+00 -9.1252956e+00 ... -8.9358797e+00
  -1.3265289e+00 -1.4728123e+01]
 [ 5.8385019e+00 -1.3660319e+01  1.1548860e+01 ... -8.4723711e+00
  -6.6134348e+00  7.7799354e+00]]",123.85629,55836.46014892578,125.9583151591226,17.96384517948387,0.0024730836262640285
8,25,1,0.05,57070.12849006801,27302.15809936523,92.26972552878509,18.839325210858078,0.0036823285713298193,410905,1.0152919621046252,4.946390432082976,0.12414341433484942,"[[  3.0662751    4.7020903    0.03164489 ...   0.3417856   -0.01721212
   -6.527382  ]
 [-10.147384     6.4900327   -2.0165632  ... -10.395992     3.3558342
   -2.907977  ]
 [  3.3392591   -7.8157525   -1.9658492  ...   4.170369     6.795524
    5.5745177 ]
 ...
 [ -2.240374     7.669119    -6.9566073  ...   8.025381     4.287184
   -1.2556541 ]
 [  3.2539468   -6.6868305    3.209936   ...  -2.324953     1.1162004
    0.8485376 ]
 [  2.0005789    0.09535676   2.7033043  ...  -8.221792    -1.4340427
    1.5642192 ]]",263.38004,99503.95659912111,164.81088068237406,17.435216778775853,0.001824711242515334
9,25,2,0.05,57070.21393502304,99204.13020507812,164.35887788932536,17.446421231580374,0.0018311959316268877,410961,1.0383677507719156,3.7053512140912326,0.1279766665877939,"[[0. 0. 0. ... 0. 0. 0.]
 [0. 0. 0. ... 0. 0. 0.]
 [0. 0. 0. ... 0. 0. 0.]
 ...
 [0. 0. 0. ... 0. 0. 0.]
 [0. 0. 0. ... 0. 0. 0.]
 [0. 0. 0. ... 0. 0. 0.]]",0.0,99204.13020507812,164.35887788932536,17.446421231580374,0.0018311959316268877
10,25,3,0.05,57070.28257967249,30471.246337890632,96.13434760787278,18.702438224456422,0.003440734305363483,411011,1.0186706055065107,4.703735877947812,0.11921793563265855,"[[ 10.046272     0.15167785  -2.7925434  ...  -3.6194355    9.248056
    1.6386852 ]
 [-12.388927     0.33960184  -5.5823913  ...  -2.8287764    6.3097982
    0.07617021]
 [ -0.69517076   8.410973    -4.578351   ...  -6.5343585    0.6227644
  -12.149246  ]
 ...
 [  5.5380874   -4.131829     9.94834    ...  -3.4245932   -3.92291
   -3.5882993 ]
 [ -0.88231707  -6.0243125   11.226753   ...  -4.178601     2.5882595
    9.642119  ]
 [ -6.4679136    8.117332     6.275437   ...   3.0052736    4.479213
   -2.221792  ]]",248.22467,99324.98489379886,164.4337586205823,17.41951750061914,0.0018264825118047216
11,25,4,0.05,57071.05728660731,36963.11347412109,104.91778910390916,18.402694178129877,0.003099480981162009,411245,1.0246524242937844,4.999873924220733,0.12271179706008166,"[[ -5.555092    10.946088    -1.7765949  ...   0.85819894   1.3759233
    3.9000525 ]
 [ -3.7731986   -0.06374502  -1.8260417  ...   5.6907263    2.1052206
   -3.8306134 ]
 [-16.230152     0.13865912   4.3004546  ...  -2.8451946   -0.59889615
    4.726092  ]
 ...
 [ -3.4225445    0.45327532  -3.1631427  ...   8.780428     1.6914029
   -2.0653253 ]
 [ -8.513259    -3.441514    -3.5946805  ...   2.2426074    2.9146497
   -3.100725  ]
 [ 13.242914     2.5407233  -11.316792   ...   1.0085455    7.4332733
   -2.3613684 ]]",228.42479,99145.87872070313,164.55175751585122,17.331428876409717,0.001832057931905455
12,25,5,0.05,57071.12506984007,40004.179859619144,108.29966677275911,18.404658532305277,0.0029613642474548263,411295,0.9012928072747344,4.50697721401776,0.11817258878531316,"[[-1.9756207  -7.9703608  -8.648013   ... -8.051102    2.9992275
   1.9567423 ]
 [-3.3200598   5.75358    -8.6310215  ...  3.9503977   5.6988406
  -3.5818686 ]
 [-5.74039     1.6936489   4.0914125  ... -3.8519747   0.59190744
   4.296353  ]
 ...
 [-6.0398917  -2.7447336   5.519375   ... -2.011158   -8.173383
   0.9022366 ]
 [-3.8079891   9.155301   -1.4545422  ...  1.7231793   0.8815175
   7.564438  ]
 [-8.998296    9.6853695  -9.548609   ...  0.55187786 -0.02390766
   2.4876423 ]]",244.37347,103758.76983398436,167.9223799992286,17.369859925064148,0.0017937874611855156
13,25,6,0.05,57071.19277698471,62507.3560839844,132.24255391765362,17.9490472273909,0.002322936085759948,411345,0.7748601175405739,4.256254918420095,0.12143637454203093,"[[-0.77373683  8.099951   -7.512827   ...  1.9948041   5.954947
   1.7279428 ]
 [-2.380022   -8.465677   -0.19015293 ...  7.173564   -2.4693682
  -6.1157365 ]
 [-6.3518157   1.3269475   4.146898   ... -7.413207   -2.8909345
  -5.6627336 ]
 ...
 [ 0.27272034 -1.1640887   0.60341656 ... -0.17413858  5.1400747
  -3.7832732 ]
 [-2.2998466   1.6551352  12.242889   ...  1.5053499   0.31317317
  -4.432004  ]
 [-0.9670676   1.6443727  -3.8010259  ...  2.664161    6.85243
   1.5621018 ]]",207.8732,108102.08466064456,171.08662446736227,17.354289878875374,0.0017528246598978833
14,25,7,0.05,57071.26271199265,56243.24211669923,126.18681660146723,18.04058719943938,0.0024603995465296855,411396,0.8352701635407411,4.333130038732116,0.12472284516088802,"[[ -5.5910234   -9.838588    -3.2772923  ...  14.269716    -2.6270807
   -7.94109   ]
 [  4.5584745    6.9068694   -4.682175   ...   9.151253     5.6146674
  -11.272941  ]
 [ -1.3591849   -9.109266     9.808804   ...  -2.3379626   -0.80416983
   10.134338  ]
 ...
 [ -6.6028333   -9.271213    -1.6512008  ...  -0.10195662  -7.7726536
    5.0438857 ]
 [ -2.2839026   14.180906     0.806866   ...   4.483996    -5.582242
    2.6705546 ]
 [  1.9009854    6.7473197   -3.1209052  ...   8.432274    -5.716835
   -0.5851121 ]]",214.7096,107164.07160766603,170.5166474731344,17.340640053306956,0.0017619048669344564
15,25,8,0.05,57071.33166989243,37999.17879272462,106.15267124325143,18.381704345788027,0.003052337929301673,411446,1.0110760632741234,4.747329525430352,0.1273272624896551,"[[  8.972343    -2.266953     2.0822196  ...  -0.22024888 -12.465561
   -4.0788403 ]
 [ -1.4545768   -9.508137    -5.538658   ...  -1.2537608   -1.1902486
    2.5290573 ]
 [ -2.6557841    1.448313    -3.1038396  ...   7.639559    -0.34556818
   14.697992  ]
 ...
 [ -3.0035222    5.8065286    2.8549743  ...  -5.56742     -2.0364943
   -2.58001   ]
 [-10.456391    -5.4527497    3.3462508  ... -18.79104      4.9002476
   -3.5656707 ]
 [ -3.3046994    4.667299     0.41766566 ...  10.624744     7.8860655
   11.089938  ]]",228.68797,100075.70912597656,165.25550706538547,17.330318183154855,0.0018253044853918292
16,50,1,0.05,57070.12849006801,7819.196391601562,59.025324172377104,20.19691235071601,0.008201802584526756,410905,1.0152919621046252,5.274194134751695,0.12523206197939094,"[[ 2.6927056  9.350936   7.5831213 ...  2.902706   5.0557995  7.759992 ]
 [-0.9456567 -7.8227997 10.421119  ... -7.193749   2.2241788 -3.4108377]
 [ 1.0194396 -4.4896045  8.084563  ...  2.1598887 -1.7939267 -7.802168 ]
 ...
 [ 1.3692416  4.5822015  5.8006177 ...  1.9381341  7.224335  -8.865349 ]
 [ 3.9269254  7.1985807  8.680129  ...  5.076926  -1.983659  11.663101 ]
 [-4.0421805 -6.5860686 -7.6137543 ... -2.6353798  4.4031305  1.0259237]]",72.93838,27656.253383789062,92.77387712713627,18.825334290094965,0.003655237342162747
17,50,2,0.05,57070.21393502304,27679.328976440425,92.35112677180477,18.83235672226524,0.003638706657055862,410961,1.0383677507719156,4.063538159063843,0.12996287417181568,"[[0. 0. 0. ... 0. 0. 0.]
 [0. 0. 0. ... 0. 0. 0.]
 [0. 0. 0. ... 0. 0. 0.]
 ...
 [0. 0. 0. ... 0. 0. 0.]
 [0. 0. 0. ... 0. 0. 0.]
 [0. 0. 0. ... 0. 0. 0.]]",0.0,27679.328976440425,92.35112677180477,18.83235672226524,0.003638706657055862
18,50,3,0.05,57070.28257967249,8808.219187622071,60.4942281778288,20.04994348662418,0.007463811168052259,411011,1.0186706055065107,5.044009383549811,0.13007054459274126,"[[ 1.9827393e-01  4.5545011e+00 -2.8973045e+00 ...  7.0465345e+00
  -4.3089085e+00 -1.8786542e+00]
 [ 1.7790774e+00 -3.4248588e+00  9.1678982e+00 ...  4.8661947e+00
   1.1566974e+00  4.6148896e-04]
 [ 1.3460635e-01  4.3447552e+00 -5.9430819e+00 ... -8.4200811e+00
  -8.3921394e+00  3.6480143e+00]
 ...
 [ 2.6914632e+00  4.3654470e+00  5.1196694e+00 ...  2.8568594e+00
  -5.0525622e+00 -1.0947118e+00]
 [ 3.3861601e+00 -7.1057115e+00  3.6508751e+00 ...  7.9572911e+00
  -1.7838345e+00  3.5014148e+00]
 [-5.1784892e+00  1.0147990e+01 -6.0583105e+00 ... -7.4516237e-03
   5.4636555e+00  7.4819779e-01]]",70.344826,27972.876940307615,92.79479628655189,18.7953209328897,0.003616303437566266
19,50,4,0.05,57071.05728660731,10586.840585327147,64.95539394931879,19.760199607991417,0.0066697140494541615,411245,1.0246524242937844,5.2829222529522335,0.12127351233980335,"[[ -0.747825    -5.5632367    3.1183488  ...   0.6521535    1.7881303
   -3.6491585 ]
 [ -8.248518    -5.1081176    2.6631877  ... -10.444916    -2.9825268
   -7.7799697 ]
 [  2.8013208    5.14223      2.8529217  ...   2.2117288  -10.152235
  -12.375717  ]
 ...
 [ -3.0653386    0.10332322  -0.42228854 ...   1.2802227   12.875934
  -14.092447  ]
 [ -0.32209042  -6.0799084    4.2439394  ...  -1.0459704    3.0493846
    3.6013036 ]
 [  2.2608423   -5.1295857   12.251753   ...  -6.4975715    7.0960836
    4.505043  ]]",62.390965,27513.011968383795,92.72920945230356,18.72327019928241,0.003674239934121072
20,50,5,0.05,57071.12506984007,11288.755441284182,65.60763949885225,19.778306798771432,0.006320349252555258,411295,0.9012928072747344,4.777445162808198,0.12823652191675336,"[[  1.2413669   -7.3816347   -2.114021   ...   3.8544273   -3.5590076
   -1.0344495 ]
 [  8.03447     -5.131982    -1.3896737  ...   2.940048    -2.5687215
   -9.950062  ]
 [  1.1863      -9.492175    -0.5097431  ...   5.169769    -1.368565
    4.157749  ]
 ...
 [ -9.1959915   -1.7636468    7.235032   ...  -5.774072    -3.2535834
   -0.78551555]
 [ -2.8915215  -11.426368     1.5075829  ...  11.194203    -1.434613
   -0.32309854]
 [  4.433075     5.7401237    8.584905   ...   2.1932771   -3.1270778
   -5.22066   ]]",65.858,28796.917551879884,93.99242747662555,18.761556952889144,0.0035621258963095537
21,50,6,0.05,57071.19277698471,17768.038604125977,77.07429385346309,19.314776328696198,0.004722407282358047,411345,0.7748601175405739,4.613765206426332,0.12090118264714032,"[[ -2.752287     0.5506198    4.386602   ...   5.0386558   -0.10669065
   -0.58719563]
 [ -3.847534     2.2940214   -0.8466083  ...  -8.77705      4.076318
    9.439203  ]
 [  5.253169     8.153616   -16.020962   ...  -4.4392447    1.302319
   -4.1608076 ]
 ...
 [  6.9521413    2.863665     1.151209   ...  -4.1026444    1.925566
   -2.6999109 ]
 [ -2.217246    -5.003357    -5.346242   ...   2.3176436    5.212515
   -9.646185  ]
 [  8.0992365    2.4695034    2.7822838  ...  -0.04396459   0.3871581
    1.2662158 ]]",54.54904,30096.899048461917,95.51741212047557,18.742570672607016,0.0034630920898036967
22,50,7,0.05,57071.26271199265,15693.153851928711,73.83764109936797,19.426487486835704,0.00512018722493803,411396,0.8352701635407411,4.780991380422187,0.11941309203651831,"[[ -2.320898    -2.5403223    2.8015645  ...   1.742585    -3.844249
    3.4465942 ]
 [ -1.3097987    0.27616203  -3.8001719  ...   2.863411     6.9275494
   -0.07236314]
 [  5.455417     6.890683     3.3827562  ...  -3.057761     1.1897063
    3.5978036 ]
 ...
 [ -8.395337    16.100069    -1.3404989  ...   1.5220773    5.570405
    0.47806883]
 [  7.0302906   -0.9776506    2.445912   ...  -7.4737873    3.7604785
  -11.634519  ]
 [ -4.9816146    5.4369373    1.1820545  ...   1.7445519    0.78329706
   -0.07597721]]",55.35571,29240.82552062988,94.62907026705822,18.750788994638047,0.0035306521547942274
23,50,8,0.05,57071.33166989243,10665.98274169922,64.77382549301333,19.761137681965835,0.006602495896700258,411446,1.0110760632741234,5.128946912511129,0.11947456318057621,"[[-4.196019   -7.0922294  -1.2394018  ... -5.2266006  -3.405726
  -2.0971735 ]
 [ 2.5393772  -4.7539077  11.771139   ... -4.110213    0.24872786
   0.5773738 ]
 [ 8.084895   -0.29068756  2.534707   ...  7.237639    4.876579
  -3.241825  ]
 ...
 [-0.23560628 -3.3312762   3.8159554  ...  5.4985957   1.6992749
   2.5300124 ]
 [-3.7772484   2.0051222   3.7502177  ... -1.8864902   2.8453288
   1.8208268 ]
 [-7.049308   -0.8598703  -0.52319384 ...  3.6705058   0.38588774
   0.47814685]]",61.119312,27492.58616577149,92.45417039501419,18.733100886361328,0.003667226445289367
24,75,1,0.05,57070.12849006801,12149.033134765623,67.96344482751746,19.718463362532084,0.006081627673165276,410905,1.0152919621046252,5.0293674384091265,0.2764543900314295,"[[ 6.2346697  -2.5339613  -6.337589   ...  3.4557078   2.7287214
   1.5537465 ]
 [-2.4222803  -0.0793609  -1.1285775  ...  2.193218   -4.509256
  -1.3422296 ]
 [ 0.04750049 -2.3196588   2.3679628  ... -4.9040813  -7.503967
  -1.517324  ]
 ...
 [ 2.7155523   7.8162413   7.891774   ...  6.16587     1.8459549
   7.6375666 ]
 [ 6.3194094  10.091809   -8.196091   ...  1.9339306  -7.206619
  -3.9844732 ]
 [ 1.882996   -7.7982926   0.7492591  ... -8.189236   -2.0514874
  -8.300539  ]]",118.1902,44190.552219848636,113.59920786777165,18.31649408216993,0.0028081356878920704
25,75,2,0.05,57070.21393502304,44638.56794189453,113.61713135401945,18.313469982115116,0.00278467257472456,410961,1.0383677507719156,3.613849255414069,0.28505593744458735,"[[0. 0. 0. ... 0. 0. 0.]
 [0. 0. 0. ... 0. 0. 0.]
 [0. 0. 0. ... 0. 0. 0.]
 ...
 [0. 0. 0. ... 0. 0. 0.]
 [0. 0. 0. ... 0. 0. 0.]
 [0. 0. 0. ... 0. 0. 0.]]",0.0,44638.56794189453,113.61713135401945,18.313469982115116,0.00278467257472456
26,75,3,0.05,57070.28257967249,14060.535134887694,70.93660093644354,19.54215914489479,0.005487227304983797,411011,1.0186706055065107,4.709733209685442,0.30241216930967774,"[[-2.1789422   2.8706427   4.3260584  ...  4.1224833   0.24040055
   1.3628001 ]
 [-5.699243   -0.02677055 11.467281   ...  1.7978132   2.5543635
  -3.1142242 ]
 [ 1.5878202  -8.596126   -5.317391   ...  3.7615044   1.6496147
   2.7935374 ]
 ...
 [ 2.370949    5.5731063   1.2230167  ...  5.438924   -3.6669333
   3.5216417 ]
 [13.728359   -0.8485055   5.6444817  ... -0.45163214 -6.525278
   8.110943  ]
 [-5.4072     -7.4349475   3.836426   ... -3.3357131   8.433922
   1.2769256 ]]",116.53565,45672.00975097656,114.88898298721787,18.263038463008186,0.0027503879684105553
27,75,4,0.05,57071.05728660731,16528.604298095703,75.84382316853304,19.2765250855105,0.004993007572322543,411245,1.0246524242937844,4.996424695586798,0.28488104324359714,"[[  4.084249   -13.784869   -14.552103   ...   8.311878     9.999072
   -0.9656372 ]
 [  6.2892447    1.8082551   -6.14149    ... -18.735126   -20.212172
    3.4710903 ]
 [  5.299271    -5.0233803   -2.8932953  ...   1.4453534    4.6626687
   -4.5700455 ]
 ...
 [  4.895873     4.2870455   -1.4290838  ...   5.6697874   -5.5120807
    8.185885  ]
 [  2.7692957   -5.6416116    1.4819722  ...   9.456517    -0.29890835
    0.59250575]
 [  1.0987952    2.0167377   -5.665414   ...   6.721507     0.02956128
   -1.6194427 ]]",104.44914,44308.30855590822,113.68802818874268,18.205902613482618,0.002805368785716243
28,75,5,0.05,57071.12506984007,18467.99209716797,78.54102901489257,19.243872760231618,0.004631506970369321,411295,0.9012928072747344,4.447074976691822,0.3010434733081913,"[[ -4.6353226    7.4320235    1.1200905  ...  -6.0391536    3.6983163
   -6.5240064 ]
 [ -4.7753897    0.04925811   2.4713562  ...   5.3227177    6.419197
    1.7059361 ]
 [-11.316308   -10.39862     -0.81230617 ...  -6.3452916    0.45316315
   -6.4048905 ]
 ...
 [  1.7421284    7.1906986    8.546396   ...   5.347658    -2.6664264
    1.4182259 ]
 [ -1.9953417   -5.832753     6.785747   ...   1.4232414   -3.0337348
   -1.7070154 ]
 [  6.856634     0.46649915  -9.458895   ...   3.1179647   -6.4406366
    2.473701  ]]",116.08225,47981.66259216308,117.47143719994521,18.20723372920638,0.0026825228434060764
29,75,6,0.05,57071.19277698471,28268.911945800777,93.01646073332566,18.81060231883431,0.003589242358762609,411345,0.7748601175405739,4.250286293113962,0.29078454709617674,"[[ 8.524694   -0.02254498 -1.8722787  ... -4.9784026   3.171455
   0.78941077]
 [-4.8648787  -3.6889367  -5.005846   ...  2.187009    4.0207205
   3.951396  ]
 [-0.6155801   4.422764    9.178631   ...  1.6986986  -2.4190376
  -5.665163  ]
 ...
 [ 4.4740295  -3.068171    4.4716234  ...  4.118636   -4.2761436
  -0.23998773]
 [ 2.2159257   0.4219064   1.8363979  ...  4.637947    6.407382
   4.8247805 ]
 [-4.9579077  -0.98447245  4.9175406  ...  2.602006    2.4016497
  -5.3479433 ]]",100.06905,48602.81065673828,117.92207566554326,18.222221589381327,0.0026568866870880633
30,75,7,0.05,57071.26271199265,25265.18682189942,89.07543944410556,18.90945678317766,0.0038434995718089207,411396,0.8352701635407411,4.339788735359157,0.2903357253461775,"[[-0.1352135   4.1608877  -6.0649133  ... -0.50440407  3.918703
  -6.100412  ]
 [-7.746059    9.506594    2.634635   ...  0.9910233   1.3457664
  10.757101  ]
 [ 5.959592   -9.756315    1.9675066  ... 11.253019    1.857049
  -5.033019  ]
 ...
 [ 7.594061    4.5847373   3.1122363  ... -0.9667848  -7.6758738
  -0.7904712 ]
 [-0.8437058   1.0264274   2.2757387  ...  0.6983379   0.7209884
  -2.5296261 ]
 [ 2.3495154  -9.006426   -4.2008295  ... -2.166028   -0.714252
  -4.187277  ]]",100.12087,47842.28615051269,117.33603207526535,18.216233257302868,0.0026852187846719538
31,75,8,0.05,57071.33166989243,16966.493900146488,76.3289339265076,19.257159610280205,0.004896508471231262,411446,1.0110760632741234,4.792012759973419,0.28850657195654494,"[[ -4.3181577   10.589667    -6.3412557  ... -13.279745     7.814863
    4.919112  ]
 [ -2.8125753   -7.342421    -1.4511392  ...  -0.7880548   -2.4686956
   -0.56912714]
 [  1.9533662    3.676882     4.330611   ...  -5.8589664    7.4639473
    0.5204632 ]
 ...
 [ -4.9986362    4.7743793   -0.05433065 ...   3.3367963   -5.271968
   -3.182373  ]
 [ -1.6879413   -2.9686174    0.6982739  ...  -2.3828125   -0.21293008
    0.5521307 ]
 [  4.8902245    3.4119947   -1.6151288  ...   8.506767     4.061927
   -6.8189917 ]]",103.321434,44733.07647216798,114.03813188784713,18.20456795512714,0.00278898104618407
32,100,1,0.05,57070.12849006801,4645.862366638184,51.61530969297916,20.76215180460688,0.012066438492012185,410905,1.0152919621046252,5.134423075897482,0.230662604166235,"[[-2.99430799e+00 -8.24124146e+00 -6.25855875e+00 ...  5.62694192e-01
   3.70334435e+00  1.21004200e+01]
 [-5.20665264e+00  3.35951376e+00 -4.28944826e-03 ...  3.01039028e+00
   3.71386671e+00 -3.30006123e-01]
 [-2.74762940e+00 -3.74885082e+00 -4.98075294e+00 ...  1.03874083e+01
  -3.61940408e+00 -9.29698753e+00]
 ...
 [ 1.12368364e+01 -1.18679457e+01 -4.21844816e+00 ... -9.85253906e+00
  -1.19458604e+00 -4.14472151e+00]
 [ 4.36662054e+00 -1.45849478e+00 -3.06455064e+00 ...  1.07996206e+01
   1.39329147e+00 -1.20602274e+01]
 [-2.86878109e+00  2.23481703e+00 -2.22424045e-01 ... -7.95034528e-01
   1.42061019e+00  1.00917425e+01]]",44.29498,16559.432534790038,75.79022825911996,19.382204028561198,0.004978871344977057
33,100,2,0.05,57070.21393502304,16395.323035278325,74.95791930890196,19.400945670927477,0.0049757106480479004,410961,1.0383677507719156,3.7416103815734116,0.2210844891815396,"[[0. 0. 0. ... 0. 0. 0.]
 [0. 0. 0. ... 0. 0. 0.]
 [0. 0. 0. ... 0. 0. 0.]
 ...
 [0. 0. 0. ... 0. 0. 0.]
 [0. 0. 0. ... 0. 0. 0.]
 [0. 0. 0. ... 0. 0. 0.]]",0.0,16395.323035278325,74.95791930890196,19.400945670927477,0.0049757106480479004
34,100,3,0.05,57070.28257967249,5184.627103271485,52.10801214769223,20.625369955178776,0.010916994236359103,411011,1.0186706055065107,4.8144644375117895,0.22502428135013375,"[[ -3.4931505    2.0241992   -1.2895912  ...   7.4125447    3.9017005
   -3.3603861 ]
 [ -0.8014085    0.29982325  -4.520942   ...   3.4567082   -6.2697287
    3.215511  ]
 [  1.3534724   -8.242517     0.1509045  ...  -0.1288509    1.527169
   -2.1198757 ]
 ...
 [-12.41367      1.6346228    5.116952   ...   1.7179464   -2.1431162
   15.348051  ]
 [ -3.9053202   -0.9820563   -5.736357   ...  -3.8700166    8.851463
   -2.8317392 ]
 [  7.811163     4.577237     3.9588344  ...   7.1690106   -7.0404634
   -3.3373003 ]]",42.405926,16532.211695251466,75.14753929929132,19.36633637532579,0.004945886081849609
35,100,4,0.05,57071.05728660731,6291.54014984131,55.88431587080885,20.325223110938225,0.009649665459457425,411245,1.0246524242937844,5.18630962664941,0.2239296911317219,"[[  1.2634878    0.6587056    5.694764   ...  -2.6597006   -0.72909117
   -1.3591851 ]
 [ -7.8597026    7.223574    -4.084163   ...   1.2723308    5.967234
   -2.9278092 ]
 [ -2.9658117   -8.345747     4.016815   ...   0.6853119   -4.830006
   -2.6879625 ]
 ...
 [ -8.547822    -6.2182264    4.2953787  ...   1.8189783   -7.568455
   -7.5698624 ]
 [  3.2921095    1.0148865  -11.15633    ...   8.78941     -5.721637
   -5.645793  ]
 [  2.1396773   -0.5154388    1.1386892  ...  -5.1700068  -10.230328
    1.752327  ]]",38.437157,16411.64110229492,75.67772459689698,19.28423551440776,0.005017471861405856
36,100,5,0.05,57071.12506984007,6929.56626586914,56.57316564842412,20.308156829864323,0.008871315726385639,411295,0.9012928072747344,4.579780903592587,0.2402839836603725,"[[ 1.7263464  -4.260867    2.3440201  ... -1.695348   -4.4930267
  -1.9144967 ]
 [ 4.134258   -5.280701    8.94989    ... -0.6268754   1.7851224
   3.523965  ]
 [ 4.4718556   3.7173524  -0.15838099 ... -4.124238   -3.1383545
  -2.5934641 ]
 ...
 [ 0.32264698 -8.995201   -4.374326   ...  3.7267904   2.595691
  -3.184073  ]
 [-7.8729835  -4.9525685   5.8031173  ... -2.0981221  -3.9903872
   6.036142  ]
 [-0.9663928   0.40266722 -6.5892015  ...  4.508421    1.9796585
  -1.3510542 ]]",42.159763,17631.457756652835,77.23002492326454,19.294201407947682,0.004769444972299163
37,100,6,0.05,57071.19277698471,10530.912900085448,63.87492859849534,19.88270999953588,0.006594584497730892,411345,0.7748601175405739,4.454253785246898,0.2330417695574016,"[[  2.6885445   -0.24847937   9.9469385  ...   0.93656826   7.247813
    4.392027  ]
 [  0.44772446 -11.125022     1.3735511  ...  -0.8776771    2.2535136
   -9.669721  ]
 [ -3.8702843   -2.8600426   10.665521   ...   2.2099962   -5.3576045
   -5.1860504 ]
 ...
 [ -1.5283022    7.6280203   -4.0890784  ...  -2.5363398   10.55459
   -1.2746896 ]
 [ -3.1626983   12.367644    -4.2321157  ...   0.0514549    2.5614989
   -5.7626724 ]
 [  3.3724008   -5.5035143   -9.669017   ...   4.5595126    6.9302387
   -3.11547   ]]",35.265816,17879.015844573976,77.33995899958539,19.30801602835721,0.00470934184251336
38,100,7,0.05,57071.26271199265,9604.004741516115,62.4446316524902,19.959632153561103,0.007067862904044648,411396,0.8352701635407411,4.462781208339842,0.24075147543118613,"[[  3.1291924    5.871058    -0.33925867 ...  -1.2499583    1.4269009
   -0.9040019 ]
 [ -5.8469005    1.375532    -8.0297575  ... -11.051297    -1.0110081
    3.5966084 ]
 [ -1.4633644   -0.22624312   4.321209   ...   2.0922923    4.3864837
   -3.3947868 ]
 ...
 [ -2.0827603    3.1175656    0.81541437 ...  -2.1784174    5.3303785
    2.3750916 ]
 [  0.5598446   -5.9645634    2.0022979  ...   3.3314369   -1.2860134
   -8.555939  ]
 [-11.604739     7.815923     6.6547184  ...  -2.819419     4.353668
    2.1202433 ]]",36.71274,17908.628504943845,77.73142301215984,19.28310724909594,0.004725264254513092
39,100,8,0.05,57071.33166989243,6443.17512237549,55.91441995112697,20.30839003498735,0.009428334154328002,411446,1.0110760632741234,4.879247853442679,0.22845556382291718,"[[ 4.2862453   4.1606402   9.746485   ... -1.5726666   1.5970783
  -4.2696805 ]
 [-2.8622422   2.4362671   4.266835   ... -1.1413779   3.2403288
  -5.1010485 ]
 [-3.545034    4.8471317  -4.1590056  ... 15.55478    -0.12117529
   2.5986288 ]
 ...
 [ 9.613076   -1.5519071   0.5161612  ... -0.9093235   3.0090327
   0.9423275 ]
 [-6.2534413   0.57879275 -5.5601587  ...  1.3905153   5.9005904
   4.814594  ]
 [-1.2543182   1.3608658  -3.6999578  ... 10.608351   -0.59127676
  -1.025547  ]]",38.59966,16687.9894329834,75.98034843603327,19.275129833331448,0.004955204017781234
40,125,1,0.05,57070.12849006801,5454.3089758300775,53.5754592696932,20.58796831331382,0.010669225136046567,410905,1.0152919621046252,5.215198395102742,0.23851161274020038,"[[  0.19063872  -1.7598592    0.4269476  ...  -8.073985    -6.3537908
   -3.951672  ]
 [ -5.0483656   -0.7560321    4.557362   ...   9.227492    -7.0573273
  -10.035491  ]
 [ -0.7160004    1.9598862    1.8877426  ...  -1.4798872    0.71901834
    3.8524303 ]
 ...
 [  0.8701147   -3.4204638    1.96777    ...  -1.7805185    1.1244442
    2.795658  ]
 [ -1.8870033   -1.1225069    9.265969   ...  -2.5004902   -2.5646238
    9.394893  ]
 [ -0.67308116  -0.88717216   4.501053   ...   0.24649614   6.0214686
   -0.6177343 ]]",51.5382,19213.373085632327,80.15402867075986,19.22080861394477,0.0045399941060666055
41,125,2,0.05,57070.21393502304,19001.228282470707,79.28121646768454,19.24079142669464,0.004543106698969588,410961,1.0383677507719156,3.805756492646111,0.23382283375134935,"[[0. 0. 0. ... 0. 0. 0.]
 [0. 0. 0. ... 0. 0. 0.]
 [0. 0. 0. ... 0. 0. 0.]
 ...
 [0. 0. 0. ... 0. 0. 0.]
 [0. 0. 0. ... 0. 0. 0.]
 [0. 0. 0. ... 0. 0. 0.]]",0.0,19001.228282470707,79.28121646768454,19.24079142669464,0.004543106698969588
42,125,3,0.05,57070.28257967249,6246.370155029297,54.5800527200467,20.423094478285954,0.009492579553689756,411011,1.0186706055065107,4.87022313391981,0.25418837231888514,"[[ -0.7147877   -2.8287392   -1.915478   ...  -1.0643697    3.3097718
   -3.7868903 ]
 [  8.264388    -2.5989883    8.473773   ...  -1.6334335    2.1551235
   -1.3902509 ]
 [  4.450157     9.462344    -6.898659   ...  -0.3847295   -0.9670632
    3.095099  ]
 ...
 [ 11.202678   -11.600502     7.384122   ...   2.382123     4.451536
   -4.4337797 ]
 [ -0.3338561    0.77081114   8.000362   ...   0.5743679   -2.8268454
    1.6608411 ]
 [ -3.6829724   -5.800288     0.5715833  ...   4.144211    -2.4922242
   -3.611918  ]]",50.800613,19821.709539184572,80.52509106413679,19.1693110002112,0.004422680906337981
43,125,4,0.05,57071.05728660731,7498.4270764160165,58.201021126885934,20.134690111412603,0.008433708891751428,411245,1.0246524242937844,5.2133066662238114,0.2499090428021232,"[[ 6.0091925e-01  5.9559159e+00  6.5542517e+00 ... -1.1192113e-02
  -6.0478735e+00 -3.5651467e+00]
 [ 5.0117598e+00  2.2671506e+00  9.9725952e+00 ...  5.4397426e+00
  -7.2097216e+00  8.4580297e+00]
 [ 8.5316620e+00  3.7169867e+00  2.8659377e+00 ...  6.7824733e-01
  -1.4547348e+00  5.5207056e-01]
 ...
 [-1.1495200e+00  7.1108389e+00  6.9599175e-01 ... -7.3612857e-01
   3.0661871e+00 -8.5906019e+00]
 [-1.6121819e+00 -3.0692365e+00  6.1624378e-01 ... -2.5381629e+00
   3.8306780e-02 -3.5306764e+00]
 [-5.3943477e+00 -2.8734074e+00  4.5350976e+00 ...  7.0685917e-01
   1.9010315e+01 -1.0246369e+01]]",45.678604,19537.580079345706,80.5757347867827,19.094938614278888,0.0044899142414844915
44,125,5,0.05,57071.12506984007,7878.042538146973,58.498305903920524,20.168876156598998,0.008070185608329415,411295,0.9012928072747344,4.67892583537861,0.24724227163071263,"[[  4.064607    -3.7024212    8.889739   ...   6.2668176    2.7568297
   -5.555669  ]
 [  2.403167    -8.730359     1.2178619  ...   2.725292     2.903282
   -7.501545  ]
 [ -0.25521147   5.200736    -8.624347   ...  12.694689    -0.5072263
   -5.627595  ]
 ...
 [  3.5892699  -11.000648     1.4498419  ...   5.0235815    6.7358294
   -3.0530627 ]
 [ -3.3308463    9.420579     0.17928666 ...   3.9533203   -1.8113104
   -6.8131475 ]
 [ -0.09100163   8.266045     0.37361348 ...   4.23368      3.2930565
    6.775693  ]]",47.689598,19845.567517700194,80.62204315970048,19.1657631532985,0.004425496195869576
45,125,6,0.05,57071.19277698471,12613.738075561521,67.6929832454622,19.68676552994819,0.005836986245393459,411345,0.7748601175405739,4.368305077979298,0.257055570583485,"[[-1.7283809 17.23079   -8.383978  ... -6.0761104  1.9785919 -1.9607757]
 [-4.5072765  2.181012  12.228652  ...  4.122101   3.5103712 10.723104 ]
 [ 2.0454311 -0.694602  -0.7709822 ... -3.610932  -7.1373987 -0.7868345]
 ...
 [ 5.1060696 -2.3582113  3.1039262 ...  2.7442079 -1.2219179  6.025665 ]
 [ 4.384675  -5.935117   1.5367723 ... -8.096742  -9.525237   2.5119972]
 [-6.3375874  3.0160627 -0.869154  ... -0.6096997  3.0075765 -1.8131659]]",42.642982,21371.77658172608,82.76934016913805,19.114273487832854,0.004219090139388839
46,125,7,0.05,57071.26271199265,10926.974259643557,64.83673466540276,19.819513267996417,0.0064516533804069,411396,0.8352701635407411,4.527111237012377,0.24374657051322685,"[[-3.7363577e+00  9.7355347e+00  5.9916558e+00 ... -1.9297731e+00
   8.1680775e-01  4.5693474e+00]
 [-3.0116379e-01  4.2426043e+00  7.0980906e-01 ... -4.7126379e+00
  -2.7093914e+00 -7.5736761e-02]
 [-1.3265008e-01 -6.7733946e+00 -2.3183672e+00 ...  1.2114323e+01
   2.7229676e+00  8.8847494e-01]
 ...
 [-3.3230770e+00 -3.2669777e-01  9.4790230e+00 ... -9.6302443e+00
  -7.9624701e-01  5.7017717e+00]
 [-7.8781247e+00 -1.7069986e+00 -5.5020370e+00 ... -2.4156060e+00
   3.4047074e+00  8.1194010e+00]
 [ 8.8902111e+00  2.4006290e+00 -3.9874172e+00 ... -7.6488142e+00
   7.8519578e+00  9.9265575e-03]]",41.277695,20323.429863586432,81.43767881649063,19.145770560361562,0.004364373315926642
47,125,8,0.05,57071.33166989243,7487.712942199708,58.01854190712449,20.145266907479368,0.008419796065924199,411446,1.0110760632741234,5.068417635323524,0.23353744272424123,"[[-2.0889962  13.724565   -2.2098296  ... 14.165018    0.3154716
  -8.403749  ]
 [-2.3889084   5.094293    1.2643586  ... -7.1927857  -4.2056994
   3.2187843 ]
 [ 3.254635    2.3389163  -6.8904276  ...  3.56498     3.2935061
   3.745696  ]
 ...
 [10.061389    0.25193298  0.76087743 ... -1.257853    0.3118682
  -2.907311  ]
 [-3.0911326   1.0790663  -8.486186   ...  1.7268019  -3.7801394
   1.8440099 ]
 [-3.9735188   6.935514   -1.6470996  ...  5.1814394   4.0982437
   0.5106429 ]]",44.599884,19111.323193054202,79.81550879818082,19.12791298118181,0.004547328054555242
48,150,1,0.05,57070.12849006801,3734.7308213806155,49.10211015826233,20.999169389508094,0.014277987476622206,410905,1.0152919621046252,5.1751921580924085,0.1415154324225536,"[[ 4.146968   -4.8234673  -4.6663876  ... -3.2036805   7.5269456
   0.18564686]
 [-0.28610116  1.6483293  14.600783   ...  0.7547901   6.7204933
  -5.252412  ]
 [ 2.5662398  -4.4193897  -2.5693548  ...  0.7861165   0.90502
  -1.4182642 ]
 ...
 [-1.9946938  -0.9285439  18.36744    ...  1.03106    -5.151297
  -3.460135  ]
 [ 3.7315092   5.726935    5.0222936  ...  8.430675    7.384347
   1.3021157 ]
 [-3.5928583   7.0378723   6.7395244  ... -2.7223673   8.117798
  -0.6460375 ]]",35.988106,13290.184266357426,69.85615717628535,19.620990147855014,0.005715237793331463
49,150,2,0.05,57070.21393502304,13150.665122070315,68.93482255381043,19.640376318988935,0.0057016651048008935,410961,1.0383677507719156,3.81232070141705,0.14672894862629007,"[[0. 0. 0. ... 0. 0. 0.]
 [0. 0. 0. ... 0. 0. 0.]
 [0. 0. 0. ... 0. 0. 0.]
 ...
 [0. 0. 0. ... 0. 0. 0.]
 [0. 0. 0. ... 0. 0. 0.]
 [0. 0. 0. ... 0. 0. 0.]]",0.0,13150.665122070315,68.93482255381043,19.640376318988935,0.0057016651048008935
50,150,3,0.05,57070.28257967249,4112.287529144288,49.182371796918474,20.87695508803995,0.01298930060167223,411011,1.0186706055065107,4.900237317978073,0.13875847276798695,"[[  8.64902     -4.416827     0.63939834 ...  -1.873174    -0.39023256
   -3.4395883 ]
 [  5.307436    -4.1345935    4.1189337  ...  -2.658433    19.219786
    0.54694617]
 [ -2.5626512   -6.487332     1.5674548  ...  -4.884219     6.8266006
   -0.37558588]
 ...
 [  1.431206   -10.910351    -1.1053423  ... -11.046413     1.9334391
   -0.79941344]
 [ -0.33076197  -0.5216436    2.1662984  ...   0.8583497    1.946948
   -6.9454093 ]
 [ -2.0797994    4.496063     2.3665357  ...   6.655132     1.9750851
   -1.2186844 ]]",33.84001,13126.312872924806,68.96892983398305,19.616806890576093,0.005713943535890306
51,150,4,0.05,57071.05728660731,5023.203465881348,52.50058690576703,20.56966361774404,0.011352510085753456,411245,1.0246524242937844,5.115365600416306,0.14435298404815466,"[[ -2.426564     2.654307    -3.8684576  ... -15.694007     2.97001
    9.775806  ]
 [  0.11115018  -5.6616015  -14.59742    ...   0.54407334  -7.7379713
   -5.463646  ]
 [ -3.6644652    4.838103    -2.2009757  ...  -4.049431    -3.1300695
   -4.5821557 ]
 ...
 [ -6.255526    -6.6487584   -0.84663904 ...  -4.669835    -3.0607765
    2.1895187 ]
 [  3.1803498    7.9833984    7.43411    ...  -1.4918375   -3.5731764
    2.5393965 ]
 [  4.0229616   -4.8642263   -0.97859806 ...  -2.011301     5.5621114
   -0.21585202]]",31.02354,13105.989687500001,69.59130927605355,19.528440987265327,0.005774604444435479
52,150,5,0.05,57071.12506984007,5390.977269897461,52.57199111478516,20.580753208554228,0.010594076860291422,411295,0.9012928072747344,4.57690933878218,0.137393692054295,"[[  7.5982265    6.5252943  -11.871246   ...   3.6462688    6.833779
   -0.6661967 ]
 [ -1.1975007   -1.7521951   -7.9504867  ...   2.7194762   -9.511155
    7.556898  ]
 [ -3.0771475    3.8977761    4.62464    ...   1.2152536   -5.690916
    0.52369106]
 ...
 [  6.6565156    2.548543     2.445617   ...   3.3622594    4.724545
   -8.581465  ]
 [-10.943115     2.46102     -2.724949   ...   1.011684    -4.055263
   -3.7034466 ]
 [  2.137711     1.9470878    4.069659   ...   5.620001    -3.5407915
    4.0116644 ]]",32.975418,13750.930064239501,70.14067647169212,19.564091777067418,0.005549852054292946
53,150,6,0.05,57071.19277698471,8574.810759277345,59.4355539190596,20.10581369096792,0.007533637149561632,411345,0.7748601175405739,4.311945774987086,0.15065741690825676,"[[  7.478812    -5.8689427    1.7463706  ...   5.2553215   -2.0170972
   -0.8742365 ]
 [ -6.293974     2.6753988    4.4772964  ...   9.565937    -3.0933032
    4.0509167 ]
 [-10.238204    -0.77584755  -4.8513336  ...  -0.23973227  -7.188544
   -8.244733  ]
 ...
 [  1.6584082    6.8320994   -4.7845945  ...   6.671004    -4.937642
   -1.4022963 ]
 [ -1.5299371    0.8350482   -4.065623   ...   0.4432205    0.18342173
   -3.6639252 ]
 [ -0.56355625   2.944997     1.8088611  ...   2.751607    -2.5938103
    4.103238  ]]",29.124372,14559.288966674807,71.23585698294463,19.53102463695975,0.005323560751093028
54,150,7,0.05,57071.26271199265,7499.295383911133,57.70045555313001,20.228211917992844,0.008360944145647139,411396,0.8352701635407411,4.513777490637442,0.14934714142709796,"[[  2.2482455    3.2548141   -2.506426   ...   5.324718    -1.0916181
   -2.5621727 ]
 [ -2.6368868   -7.4372478    0.96240026 ...  -1.7683278   -5.9952593
    6.2105045 ]
 [  5.174656     1.3316537   -3.754801   ...   2.8398752    9.911184
   -1.3075352 ]
 ...
 [ 12.413031     5.480295     7.8013244  ...  -6.410235     0.2643212
   -1.2052524 ]
 [  6.25284    -11.888976     0.80768013 ...  10.995841     5.881352
    2.0765564 ]
 [ -1.9248159   -0.5109117    7.064996   ...  -6.7148147    1.5455742
   -2.2651482 ]]",28.61676,13957.454534606934,70.63970064103455,19.553747513448617,0.00550587374788316
55,150,8,0.05,57071.33166989243,5156.469359741211,52.639393071225285,20.550258769857958,0.011088939563656634,411446,1.0110760632741234,4.989824330098135,0.1429605616316329,"[[  1.861822     8.627466     0.7414855  ...   4.609344     5.130603
   -3.9856    ]
 [  2.3956008   -4.1073837   -4.2302294  ...   8.746877    -4.378046
    1.6055819 ]
 [ -4.752623     1.8151746    7.463765   ...  -4.3570666    1.2845337
    1.116123  ]
 ...
 [ -6.261839    10.502014    -1.3820578  ...  -1.5586315  -10.775638
   -5.2227807 ]
 [  3.211645    -0.25824666   1.6612098  ...  10.088914     8.270188
    0.34667048]
 [  3.41332      0.12639165   2.5727692  ...   3.1189156    1.6828411
   -4.316825  ]]",31.362232,13361.818608093263,70.029075969226,19.516475944186638,0.005700624687241296
56,175,1,0.05,57070.12849006801,2105.6112318420414,44.674456007887585,21.621372182450536,0.023037986006303593,410905,1.0152919621046252,5.113954624764013,0.25008091949981076,"[[  2.6621718   -7.33162     -2.1096237  ...   8.826947     4.5426893
    8.098761  ]
 [  2.3164074   12.003186    11.70411    ...  -1.3059928    1.1917175
    2.9352536 ]
 [ -8.525563     5.5702763    7.8375587  ...   7.0741076   -0.92494935
   -1.1095093 ]
 ...
 [  4.8090134    3.9086194    2.3724236  ...   5.3894596   -3.0185652
    8.844154  ]
 [  5.9850354   -2.3166378    2.481113   ...   3.8122659  -12.241966
    1.3439236 ]
 [ -0.13312578   4.19788     -3.9644628  ...   4.821021    -7.4392066
    3.2263126 ]]",20.954672,7439.845425109862,58.172021586433445,20.250907872718066,0.008494979598654237
57,175,2,0.05,57070.21393502304,7354.228828735351,57.22319985876888,20.271402768473813,0.008455058165953272,410961,1.0383677507719156,3.7898060516090464,0.250595271831162,"[[0. 0. 0. ... 0. 0. 0.]
 [0. 0. 0. ... 0. 0. 0.]
 [0. 0. 0. ... 0. 0. 0.]
 ...
 [0. 0. 0. ... 0. 0. 0.]
 [0. 0. 0. ... 0. 0. 0.]
 [0. 0. 0. ... 0. 0. 0.]]",0.0,7354.228828735351,57.22319985876888,20.271402768473813,0.008455058165953272
58,175,3,0.05,57070.28257967249,2325.0785221099854,44.50192752958266,21.49606970884864,0.020783487060211686,411011,1.0186706055065107,4.855645205177967,0.2384971799766985,"[[-5.739326   -6.1650124   3.864742   ... -5.7227826  -3.3978016
   2.1559973 ]
 [ 1.1327177   8.286942    5.6155386  ... -4.4750547  -0.93861735
   1.4609377 ]
 [-1.7692087   7.659516    2.8207364  ...  3.927921    3.9806864
   2.9486108 ]
 ...
 [-0.26192498 -3.4629989   5.0429344  ... -1.231519    8.077833
  -5.026858  ]
 [-5.5677795  -1.7970029   9.2357645  ... -9.257974   -5.4730062
   1.1660476 ]
 [-1.995741    2.9958396  -1.1026382  ...  3.256534   16.467379
  -2.4491394 ]]",19.909805,7378.726937561035,57.36601741185683,20.24221017273313,0.008447301409437254
59,175,4,0.05,57071.05728660731,2808.8475,47.01726605665711,21.20079513997905,0.01817713185004678,411245,1.0246524242937844,5.182827227498952,0.24767944486613244,"[[-1.0970801e+00  1.3621989e+00  2.5141797e+00 ...  2.9392219e-01
  -5.7791300e+00  1.1690418e+01]
 [-1.2333323e+01 -2.1507853e-01 -9.0366287e+00 ...  5.3821640e+00
   7.9386644e+00  3.6341462e+00]
 [ 4.8918982e+00  9.7660847e+00 -1.9035125e+00 ... -3.8822496e-01
   5.7975588e+00  4.7294950e+00]
 ...
 [-3.7170901e+00 -2.8725638e+00 -1.0159949e+01 ...  4.3142042e+00
   7.3719025e-03  4.8683071e+00]
 [ 1.2463311e+01 -2.5319061e+00  1.3467015e+01 ... -1.7979017e+00
  -1.1860031e+01  9.3097086e+00]
 [-8.5629997e+00  9.0999708e+00 -6.4712067e+00 ... -1.2837167e+00
  -4.9830837e+00  8.3474588e+00]]",17.964853,7273.969999694824,57.92108998565818,20.16768677813639,0.008651805805630016
60,175,5,0.05,57071.12506984007,3034.0401165008548,46.46403870056304,21.204868663343767,0.0166311440772409,411295,0.9012928072747344,4.703237437484516,0.24709855069870584,"[[ 0.7744802  -8.856418    0.6111698  ... 12.124055   -7.6477957
   0.24422407]
 [ 0.02600159  2.1585922   1.5259861  ... -1.7353737   7.632264
   2.6243076 ]
 [ 2.6167495   9.781698    0.748763   ... -1.7708632  -5.7868166
   1.4457837 ]
 ...
 [ 1.5896763   3.4997773  -5.0438976  ... -1.1088636  -1.1218987
   3.8066761 ]
 [-1.702415    1.2337781  -6.072425   ... -9.398175   -4.612592
  -1.368467  ]
 [-0.90817976 -4.0556073   9.6870165  ...  7.3914437  -2.7154055
   1.986044  ]]",19.035776,7648.178517303465,57.92776259885296,20.201026919520185,0.008231338113147071
61,175,6,0.05,57071.19277698471,4802.59753326416,50.79389957484612,20.73518456783195,0.011488326716545894,411345,0.7748601175405739,4.431678226049337,0.2548210975869219,"[[  4.7897787  -10.795359    -2.8495758  ...  -2.595957    -5.623256
    2.288793  ]
 [  3.6714153   -1.2905133   -4.3714657  ...  -0.3016603    3.673829
    1.0669539 ]
 [ -7.5158453   -7.4088507   -0.47732988 ...   3.0938258   -3.5696983
   -1.427842  ]
 ...
 [  0.9977478    4.1181164   -1.4686615  ...   7.7412763   -3.5738845
   -0.76581377]
 [ -3.3028903    3.158956     6.3182483  ...   5.453909    -0.81505704
    3.0342531 ]
 [ -2.610382    -4.4680524    4.8133497  ...  -6.7250595   -0.42644072
    7.7090273 ]]",16.953892,8079.403180999758,58.54562574868575,20.170426849058497,0.00787515568497738
62,175,7,0.05,57071.26271199265,4234.191167144775,49.991603310351714,20.84883691343798,0.01282357384353461,411396,0.8352701635407411,4.600130902802295,0.23789496465725699,"[[  1.1719539   -7.2672515    4.1725726  ...  -5.0165157    1.0158764
    1.2496898 ]
 [  3.3753915   -6.7530813    4.8879657  ...  -8.871317     3.48324
    0.8108692 ]
 [ -0.5198082   -2.6042151   -2.0703182  ...  -1.3288271    2.0713735
    2.6318252 ]
 ...
 [ -1.6946412    4.2684755    3.565476   ... -17.931774     6.6225777
   -1.2314267 ]
 [  8.484507     6.4222407   -3.2568398  ...   3.5232592   13.03502
    1.3535627 ]
 [  5.4479427   -2.0007353    0.1128242  ...   4.505392    -8.853693
   -0.64198023]]",16.720913,7817.949272460938,58.45997496874144,20.183030947697414,0.00812613734874505
63,175,8,0.05,57071.33166989243,2860.2255421447758,46.535993118603265,21.190139171967978,0.017668295118371875,411446,1.0110760632741234,4.9827557356751475,0.24453724261414472,"[[  3.251487    -0.68596554   1.169677   ...   0.44730222   1.4303453
   10.657699  ]
 [-12.033201    -1.2178869    1.5598917  ...  -5.6986065   -2.3449607
   -2.527238  ]
 [ -1.407532     1.3209779   -0.9877177  ...   4.875224     9.550574
    0.42196667]
 ...
 [ -5.241051     1.5687724    8.396743   ...   3.664714    13.28131
   -1.9153626 ]
 [ -1.499552    -3.9606009    8.29227    ...  -2.9111676    3.856207
   -6.5399594 ]
 [ -0.88807774  11.450495   -10.158998   ... -13.47117      1.495294
   -7.4500666 ]]",18.045103,7273.011041717529,57.49032751055325,20.17685425626833,0.008589154825857764
64,200,1,0.05,57070.12849006801,997.6749702453612,41.40230181981581,22.43234496203633,0.04505779687638267,410905,1.0152919621046252,5.506535900897022,0.18766400166540737,"[[-3.9400907   5.171338   11.609436   ... -2.5567796  -6.1136494
   6.8455276 ]
 [-1.9730539  -0.37425473 -1.461138   ... 12.388089   -2.3648577
  -7.4708085 ]
 [ 2.7121696   4.2453265   0.33748776 ...  2.5586123   6.844729
   0.44019032]
 ...
 [-2.9219837   2.483128   -0.23622358 ...  6.8491325   4.3877344
  -1.8087494 ]
 [ 1.558561   11.698972   11.167774   ...  0.2667632  -3.5395312
   8.621774  ]
 [ 3.3677275   4.9223228  -9.869012   ... -1.6960359  -1.9645256
   9.383443  ]]",11.321222,3343.985170288087,48.107101760091034,21.119156796913384,0.015622632595012953
65,200,2,0.05,57070.21393502304,3451.8512744140626,47.84108460406959,21.09261542693308,0.015051713236432967,410961,1.0383677507719156,4.001992730615936,0.1924387979984975,"[[0. 0. 0. ... 0. 0. 0.]
 [0. 0. 0. ... 0. 0. 0.]
 [0. 0. 0. ... 0. 0. 0.]
 ...
 [0. 0. 0. ... 0. 0. 0.]
 [0. 0. 0. ... 0. 0. 0.]
 [0. 0. 0. ... 0. 0. 0.]]",0.0,3451.8512744140626,47.84108460406959,21.09261542693308,0.015051713236432967
66,200,3,0.05,57070.28257967249,1102.9604108047486,40.91932961832812,22.305763958966526,0.04028162538630736,411011,1.0186706055065107,5.287445999360445,0.17776175844578657,"[[-8.740358    6.661399   11.510823   ...  3.879362    0.9877798
   5.0907383 ]
 [ 8.712002   -1.9534259  13.0417595  ...  0.9662115  -2.0874982
  -0.6695092 ]
 [-3.5281136  -8.01056    -0.6534914  ... -5.2352724   0.39154255
  -5.2262254 ]
 ...
 [ 3.8647068  -0.10048819 -4.3002768  ... -0.70587236 -1.9810714
  -6.0581393 ]
 [ 1.8358631   5.0961075   3.3550668  ... -0.9655853   2.0437589
   5.524799  ]
 [12.4389305   7.1416225   0.8207028  ...  3.151457    1.6586283
  -4.938938  ]]",10.77346,3394.5690686798102,47.71342433170989,21.085202145781544,0.015264350599872356
67,200,4,0.05,57071.05728660731,1378.4977182769774,42.839157738810314,21.973600413031182,0.03374271572251374,411245,1.0246524242937844,5.54622786031691,0.1949671060986035,"[[ 9.735803   -0.30350792  2.619835   ...  4.056958    6.51131
   3.0009363 ]
 [ 4.0122004   4.588871    0.8390176  ... -4.103732    2.1946113
   1.18767   ]
 [-1.8094304  -1.7751877  10.292454   ...  1.5482454  -1.1133333
   1.5369607 ]
 ...
 [ 3.8290014   6.2747083   2.1568804  ...  3.077238   -9.833501
   2.0783088 ]
 [ 2.0094013   4.5800138  -2.9218903  ...  3.008408   -6.2836723
   1.0645134 ]
 [ 9.944037    2.6152167   9.247376   ...  2.6296787   3.9184008
   1.0833052 ]]",10.028803,3419.6936939239495,48.59268645751301,20.987147523201976,0.015431483815158457
68,200,5,0.05,57071.12506984007,1481.1823242187506,42.423619355869604,21.983400658500326,0.031099451544660508,411295,0.9012928072747344,4.96687647418436,0.18469938214886364,"[[-1.9679613   9.53404    -1.4874537  ... -0.15561253 -0.85870385
   6.3674307 ]
 [ 6.3191857  -6.4111395  -0.26488864 ... -9.340982    6.1038527
  -1.4426274 ]
 [10.126034   -5.7594385   0.95991623 ... -1.4138597   7.4193525
   9.471294  ]
 ...
 [11.431489   -1.5916162   2.7353735  ... 11.56837    -3.894782
  -2.1945255 ]
 [18.614449   10.769781    2.4138513  ... 10.60292    -1.4483345
  -5.59113   ]
 [ 8.561327   10.02551     4.587292   ...  9.602598    2.092941
   8.4779625 ]]",10.56009,3649.032191314697,48.57473879193239,21.00447772363514,0.014457470313359061
69,200,6,0.05,57071.19277698471,2214.426721878052,44.00380483075982,21.575721767707716,0.02157789558551582,411345,0.7748601175405739,4.740062563911117,0.19317101737264702,"[[ 2.7246816  -2.3507116   0.76537573 ... -4.233888   -4.745535
   0.08319235]
 [ 8.383622    1.5227159  -7.235496   ... -1.321326    8.137847
  -7.9206114 ]
 [-6.2423224  -8.374846    1.9089843  ... -6.6810083  -1.9645808
   4.17025   ]
 ...
 [-2.226844   -6.909693    1.1589811  ... -4.968276   -9.896757
   6.5813494 ]
 [ 7.3801928  -1.0998068   2.1945739  ... -1.9363073   8.292068
   3.097159  ]
 [10.310813   12.737526   -5.2702184  ... -3.5724814  -6.71763
   3.1260955 ]]",8.629074,3629.340650634766,47.91880011517904,21.039305718798644,0.014339335075417074
70,200,7,0.05,57071.26271199265,2079.2055065155027,44.256992615169615,21.621019526381197,0.02311306143204782,411396,0.8352701635407411,4.812855536089068,0.18680353282570875,"[[ -7.165544     7.9738436   -1.6528219  ...   1.8674102    6.072582
   -4.784373  ]
 [ 16.336777     1.4528018   -4.021744   ...   0.50892353  -7.587785
   -5.368235  ]
 [ -0.54054713  -8.560134     4.5089636  ...   2.3568187    6.3985443
    2.0148506 ]
 ...
 [  0.77239275  -5.3474026  -14.531896   ...   3.2023437   -4.7674522
    4.1673026 ]
 [  3.5074434    3.5096927    8.914168   ...   0.8005694   -1.1968384
    7.7710342 ]
 [ 18.557117    -3.3893805    4.9093246  ...  -7.7130146   -3.8224287
    2.400219  ]]",9.269417,3754.4729325103763,48.915761173654744,20.979390623870255,0.014149921926598856
71,200,8,0.05,57071.33166989243,1411.9388921356203,42.53208359576879,21.956600120740184,0.0327076160668086,411446,1.0110760632741234,5.3342080196424035,0.17977324902786357,"[[ -0.87147725   3.9669108   -0.63963294 ...   3.6829507    1.7400751
    2.2390633 ]
 [ -3.6006455   -6.003761    10.120142   ...   2.9711034   -2.0496237
   -2.6706526 ]
 [ -3.667812     1.4551835    7.706214   ...  -0.02290991   1.9032521
    1.6415617 ]
 ...
 [  0.93499136   3.9994836   -1.5293672  ...  -0.47117144   4.0387936
  -12.803031  ]
 [  1.1887598    8.523164     0.6761093  ...  10.143318     1.3478093
   -1.7908082 ]
 [  7.48775     14.591888     1.5400028  ...  -1.5539713    2.5291047
    2.433442  ]]",10.128867,3451.391600952149,48.371688930166734,20.986154278783435,0.015220584183803568
72,225,1,0.05,57070.12849006801,923.7336250686647,41.166427593209235,22.51595077193809,0.048387102003346165,410905,1.0152919621046252,5.1295518463289325,0.28695108492401367,"[[-1.5373882  -1.8562415  -3.502347   ... -4.441973   -0.01979733
   6.3786726 ]
 [10.090814   -3.5975637   3.5790355  ... -4.643635   -1.4697115
   3.9916306 ]
 [-3.073703   -5.887602   -3.1371458  ...  7.414172    2.8973532
  -3.237008  ]
 ...
 [-6.0420914  -0.87341523 -8.587028   ... -2.6993737  10.319784
  -2.109285  ]
 [-1.7518811   0.7253867   5.6902366  ... -5.922874   -6.0778227
   7.723837  ]
 [ 3.6847644   2.7030401   2.0013552  ...  6.5451927  -4.0090957
  -0.20906991]]",10.595441,3223.4569478607186,47.79497512074823,21.159012968391057,0.01610144120630834
73,225,2,0.05,57070.21393502304,3243.707664413453,46.78024579933532,21.16014134831954,0.015662070470813513,410961,1.0383677507719156,3.603847772133129,0.27010308268792405,"[[0. 0. 0. ... 0. 0. 0.]
 [0. 0. 0. ... 0. 0. 0.]
 [0. 0. 0. ... 0. 0. 0.]
 ...
 [0. 0. 0. ... 0. 0. 0.]
 [0. 0. 0. ... 0. 0. 0.]
 [0. 0. 0. ... 0. 0. 0.]]",0.0,3243.707664413453,46.78024579933532,21.16014134831954,0.015662070470813513
74,225,3,0.05,57070.28257967249,1044.0842444992065,40.356869240160066,22.365324914319572,0.04196809120737823,411011,1.0186706055065107,4.72546708459023,0.2784099434376887,"[[  5.365079     7.366248     0.0304687  ...  -6.5689135    6.753373
   11.896914  ]
 [ -2.9980521   -0.47146356   3.3035612  ...  -5.0733037   -1.9957492
   -6.048068  ]
 [  7.786978    -1.5256312   -2.6053586  ...  -0.50313777  -0.96176386
   -6.0995708 ]
 ...
 [ -1.8042485   -3.164489    -1.1222551  ...   1.4026706   -5.6796093
    0.6958346 ]
 [-12.166071     7.937178    -0.45855123 ...  16.792156    -5.7241483
    4.8806553 ]
 [ 10.766979    -1.020947     3.9735942  ...   0.68047535  -8.960228
   -0.3665453 ]]",10.60826,3331.2104278945935,47.288880929783005,21.10565860148072,0.015416203769261045
75,225,4,0.05,57071.05728660731,1304.6082987976074,42.503933705267784,22.03341519999067,0.03537465973725035,411245,1.0246524242937844,5.047792324661565,0.2963795260954104,"[[ -4.2416854  -3.8488154  -7.232652  ...   3.3652356 -13.483729
    3.2989278]
 [  4.9242454   5.996056   10.366102  ...  -2.586558    6.321731
   -5.416994 ]
 [  0.6820613   6.0974445   3.024046  ...  -6.165584    5.1522856
    5.8732586]
 ...
 [ -1.6156731   6.3130903   5.605169  ...   3.6080675   3.6162796
   10.208506 ]
 [ -9.574991    5.97484    -5.7791452 ... -11.494314   22.71884
    1.4744097]
 [ 11.067563    1.0286353  -3.4924111 ...   3.5947719   3.3488836
   -6.1728144]]",10.0605135,3399.3323091125494,48.49454888732927,20.993631486853534,0.015492535605730455
76,225,5,0.05,57071.12506984007,1406.3510844421385,41.66796882038459,22.039687579304044,0.0321706768477561,411295,0.9012928072747344,4.434832316250888,0.2808685096780628,"[[  2.435532    -6.556585    -5.3044653  ...  14.109148    -2.5842333
   -0.66998625]
 [  3.479844     8.682413    -1.1866441  ...  -9.717409    -0.82131463
   -8.797164  ]
 [  0.06267023   7.0156035   -9.49769    ...   9.142715     2.5425367
   -1.8503562 ]
 ...
 [ -7.162586     5.12391     -4.343246   ... -10.691694    12.927931
    0.92911696]
 [ -0.5026811   -7.3466625    4.1484385  ...  -7.196829     3.266009
   10.775551  ]
 [  3.607379   -10.675332     1.5922096  ...   2.1792953   13.887498
    3.3376155 ]]",10.44559,3551.9410167312617,47.82638374293191,21.0337575970594,0.014623733732877795
77,225,6,0.05,57071.19277698471,2120.8098921203614,43.327038868131524,21.622620700461326,0.02218372281162472,411345,0.7748601175405739,4.275796797231843,0.28993196892285883,"[[ 10.505191   -13.324619     0.05597973 ...  -3.549007    -4.684059
   -6.1552935 ]
 [ -5.0950875   -2.38999     -1.3858961  ...   2.0949147    1.2180424
   16.728132  ]
 [ -2.255507     6.435979     2.611126   ...   0.6719177   -6.0522604
    4.7945404 ]
 ...
 [-11.98089      4.0756288    0.719518   ...  -4.02361     -2.7970202
   -0.9355551 ]
 [ -3.6690798   -5.753812     1.0042391  ...  -4.2303495    0.2301646
    3.9580264 ]
 [  1.7629981    0.7754038    2.6370041  ...  -0.2367671   -4.8924484
    1.2219372 ]]",9.071932,3576.120687942505,47.46664429793376,21.055344633835226,0.014415371633384955
78,225,7,0.05,57071.26271199265,1888.2851979064947,43.326998449463865,21.725594096163846,0.024914789400823253,411396,0.8352701635407411,4.468477051992085,0.27186562245677603,"[[ 1.5538878  -0.45087564 -3.866455   ... -8.166655    2.1552281
  -0.23078227]
 [ 2.6225681   8.578221   -6.2533092  ...  6.704964   -0.34045678
   0.5582497 ]
 [ 1.8850521   5.084992   -6.0485616  ... -1.8054962  -0.8338621
   8.751669  ]
 ...
 [ 7.2862053   0.48967624 -1.1246462  ...  1.829719    1.7899501
   1.9657843 ]
 [ 2.8248777  -6.353527    1.226229   ...  4.6354074   1.1901073
  -0.5079911 ]
 [-5.690107    5.9191837   9.360851   ...  3.8049912   2.0119336
  -0.02988076]]",9.164409,3479.5591290664684,47.799750252245985,21.061952515617634,0.01491909779375443
79,225,8,0.05,57071.33166989243,1282.4353465270997,42.00004753214777,22.0610511746616,0.03555975571853646,411446,1.0110760632741234,4.959967278712653,0.28399561009634505,"[[ -2.8884294    3.282593    -1.1282171  ...   0.9729179    8.278639
   -3.7014613 ]
 [  0.65392196  -4.9784436    0.90022016 ...  -5.297401   -10.894749
   10.909757  ]
 [  1.9655682   -1.3351898    7.729974   ...  -3.6987147   -3.9187405
    3.1438692 ]
 ...
 [  0.16611058  -0.99991727   2.7329295  ...  -1.5164976   -9.133539
   -1.9027364 ]
 [  9.18561     -0.9475628    2.6934454  ...  -3.2121592   14.816969
    0.53868914]
 [  4.497184    -2.350686     7.77238    ...   2.9874277   11.108237
    2.3583336 ]]",9.764185,3259.21588973999,47.56619228310441,21.048357051066738,0.01584933375079736
